{"cameraMode":{"drawMode":0,"name":"Shaded","section":"Shading Mode"},"sceneLighting":true,"audioPlay":false,"sceneViewState":{"showFog":true,"showMaterialUpdate":false,"showSkybox":true,"showFlares":true,"showImageEffects":true,"showParticleSystems":true,"showVisualEffectGraphs":true,"m_FxEnabled":true},"in2DMode":false,"pivot":{"x":1.1362495422363282,"y":1.3549821376800538,"z":-1.0867280960083008},"rotation":{"x":0.23007474839687348,"y":-0.6636215448379517,"z":0.22603461146354676,"w":0.674541711807251},"size":7.6013665199279789,"orthographic":false}