{"cameraMode":{"drawMode":0,"name":"Shaded","section":"Shading Mode"},"sceneLighting":true,"audioPlay":false,"sceneViewState":{"showFog":true,"showMaterialUpdate":false,"showSkybox":true,"showFlares":true,"showImageEffects":true,"showParticleSystems":true,"showVisualEffectGraphs":true,"m_FxEnabled":true},"in2DMode":false,"pivot":{"x":-5.57127046585083,"y":52.409767150878909,"z":5.561096668243408},"rotation":{"x":0.0008673296542838216,"y":0.8995751738548279,"z":-0.4362087547779083,"w":0.0026522220578044655},"size":3.477752685546875,"orthographic":false}