{"cameraMode":{"drawMode":0,"name":"Shaded","section":"Shading Mode"},"sceneLighting":true,"audioPlay":false,"sceneViewState":{"showFog":true,"showMaterialUpdate":false,"showSkybox":true,"showFlares":true,"showImageEffects":true,"showParticleSystems":true,"showVisualEffectGraphs":true,"m_FxEnabled":true},"in2DMode":false,"pivot":{"x":-0.6639471054077148,"y":44.78949737548828,"z":-9.634164810180664},"rotation":{"x":-0.21165692806243897,"y":0.10366737097501755,"z":-0.022221719846129419,"w":-0.9713934659957886},"size":22.065391540527345,"orthographic":false}