{"cameraMode":{"drawMode":0,"name":"Shaded","section":"Shading Mode"},"sceneLighting":true,"audioPlay":false,"sceneViewState":{"showFog":true,"showMaterialUpdate":false,"showSkybox":true,"showFlares":true,"showImageEffects":true,"showParticleSystems":true,"showVisualEffectGraphs":true,"m_FxEnabled":true},"in2DMode":false,"pivot":{"x":-3.4000000953674318,"y":6.449999809265137,"z":3.3262057304382326},"rotation":{"x":0.16108153760433198,"y":0.8263077735900879,"z":-0.29415619373321535,"w":0.45248740911483767},"size":0.21650634706020356,"orthographic":false}