{"cameraMode":{"drawMode":0,"name":"Shaded","section":"Shading Mode"},"sceneLighting":true,"audioPlay":false,"sceneViewState":{"showFog":true,"showMaterialUpdate":false,"showSkybox":true,"showFlares":true,"showImageEffects":true,"showParticleSystems":true,"showVisualEffectGraphs":true,"m_FxEnabled":true},"in2DMode":false,"pivot":{"x":63.48384475708008,"y":43.739234924316409,"z":33.68389129638672},"rotation":{"x":0.20911481976509095,"y":0.08582930266857147,"z":-0.018425829708576204,"w":0.9739341139793396},"size":82.28760528564453,"orthographic":false}